Unnamed: 0,geonameid,name,asciiname,latitude,longitude,feature_class,feature_code,country_code,cc2,admin1_code,admin2_code,admin3_code,admin4_code,population,elevation,dem,timezone,modification_date,othername0,othername1,othername2,othername3,othername4,othername5,othername6,othername7,othername8,othername9,othername10,othername11,othername12,othername13,othername14,othername15,othername16,othername17,othername18,othername19,othername20,othername21,othername22,othername23,othername24,othername25,othername26,othername27,othername28,othername29,othername30,othername31,othername32,othername33,othername34,othername35,othername36,othername37,othername38,othername39,othername40,othername41,othername42,othername43,othername44,othername45,othername46,othername47,othername48,othername49,othername50,othername51,othername52,othername53,othername54,othername55,othername56,othername57,othername58,othername59,othername60,othername61,othername62,othername63,othername64,othername65,othername66
80007,7537630,Ilha Baleias,Ilha Baleias,-23.04203,-43.5866,T,ISL,BR,,21.0,,,,0,,4,America/Sao_Paulo,2012-01-21,Ilha Baleias,,,,,,,,,,,,,,,,,,,,,,,,,,,,,,,,,,,,,,,,,,,,,,,,,,,,,,,,,,,,,,,,,,
80010,7537633,Saco dos Meros,Saco dos Meros,-23.07584,-43.56038,H,COVE,BR,,21.0,,,,0,,-9999,America/Sao_Paulo,2017-12-22,Saco dos Meros,,,,,,,,,,,,,,,,,,,,,,,,,,,,,,,,,,,,,,,,,,,,,,,,,,,,,,,,,,,,,,,,,,
80018,7537641,Rio João Correia,Rio Joao Correia,-23.05185,-43.56281,H,STM,BR,,21.0,,,,0,,3,America/Sao_Paulo,2012-01-21,Rio Joao Correia,Rio João Correia,,,,,,,,,,,,,,,,,,,,,,,,,,,,,,,,,,,,,,,,,,,,,,,,,,,,,,,,,,,,,,,,,
80020,7537643,Canal da Varzinha,Canal da Varzinha,-23.05669,-43.56128,H,STM,BR,,21.0,,,,0,,5,America/Sao_Paulo,2012-01-21,Canal da Varzinha,,,,,,,,,,,,,,,,,,,,,,,,,,,,,,,,,,,,,,,,,,,,,,,,,,,,,,,,,,,,,,,,,,
80429,7538053,Morro do Pontal de Sernambetiba,Morro do Pontal de Sernambetiba,-23.03417,-43.47009,T,HLL,BR,,21.0,3304557.0,,,0,120.0,22,America/Sao_Paulo,2012-08-03,Morro do Pontal de Sernambetiba,,,,,,,,,,,,,,,,,,,,,,,,,,,,,,,,,,,,,,,,,,,,,,,,,,,,,,,,,,,,,,,,,,
80445,7538069,Ponta do Vieira,Ponta do Vieira,-22.98238,-43.38711,T,PT,BR,,21.0,3304557.0,,,0,,2,America/Sao_Paulo,2012-08-03,Ponta do Vieira,,,,,,,,,,,,,,,,,,,,,,,,,,,,,,,,,,,,,,,,,,,,,,,,,,,,,,,,,,,,,,,,,,
80449,7538073,Ponta da Cerca,Ponta da Cerca,-22.97873,-43.38188,T,PT,BR,,21.0,3304557.0,,,0,,2,America/Sao_Paulo,2012-08-03,Ponta da Cerca,,,,,,,,,,,,,,,,,,,,,,,,,,,,,,,,,,,,,,,,,,,,,,,,,,,,,,,,,,,,,,,,,,
80453,7538077,Ponta dos Bois,Ponta dos Bois,-22.9765,-43.37421,T,PT,BR,,21.0,3304557.0,,,0,,3,America/Sao_Paulo,2012-08-03,Ponta dos Bois,,,,,,,,,,,,,,,,,,,,,,,,,,,,,,,,,,,,,,,,,,,,,,,,,,,,,,,,,,,,,,,,,,
80653,7538277,Conjunto Missoes,Conjunto Missoes,-22.80524,-43.28303,P,PPLX,BR,,21.0,3301702.0,,,0,,5,America/Sao_Paulo,2012-08-03,Conjunto Missoes,,,,,,,,,,,,,,,,,,,,,,,,,,,,,,,,,,,,,,,,,,,,,,,,,,,,,,,,,,,,,,,,,,
80866,7538492,Parque das Bromélias,Parque das Bromelias,-23.01079,-43.29766,L,PRK,BR,,21.0,,,,0,,6,America/Sao_Paulo,2012-01-21,Parque das Bromelias,Parque das Bromélias,,,,,,,,,,,,,,,,,,,,,,,,,,,,,,,,,,,,,,,,,,,,,,,,,,,,,,,,,,,,,,,,,
80867,7538493,Clube Costa Brava,Clube Costa Brava,-23.01454,-43.28598,S,BLDG,BR,,21.0,3304557.0,,,0,,5,America/Sao_Paulo,2012-08-03,Clube Costa Brava,,,,,,,,,,,,,,,,,,,,,,,,,,,,,,,,,,,,,,,,,,,,,,,,,,,,,,,,,,,,,,,,,,
80870,7538496,Praia dos Amores,Praia dos Amores,-23.01471,-43.29924,T,BCH,BR,,21.0,3304557.0,,,0,,63,America/Sao_Paulo,2016-06-22,Praia dos Amores,,,,,,,,,,,,,,,,,,,,,,,,,,,,,,,,,,,,,,,,,,,,,,,,,,,,,,,,,,,,,,,,,,
80871,7538497,Quebra Mar,Quebra Mar,-23.01619,-43.2977,T,ISL,BR,,21.0,,,,0,,2,America/Sao_Paulo,2012-01-21,Quebra Mar,,,,,,,,,,,,,,,,,,,,,,,,,,,,,,,,,,,,,,,,,,,,,,,,,,,,,,,,,,,,,,,,,,
80878,7538504,Largo do Banco,Largo do Banco,-22.99891,-43.31633,H,BNK,BR,,21.0,,,,0,,0,America/Sao_Paulo,2012-01-21,Largo do Banco,,,,,,,,,,,,,,,,,,,,,,,,,,,,,,,,,,,,,,,,,,,,,,,,,,,,,,,,,,,,,,,,,,
80883,7538509,Barra Point,Barra Point,-23.00559,-43.30832,S,MKT,BR,,21.0,3304557.0,,,0,,9,America/Sao_Paulo,2012-08-03,Barra Point,,,,,,,,,,,,,,,,,,,,,,,,,,,,,,,,,,,,,,,,,,,,,,,,,,,,,,,,,,,,,,,,,,
80884,7538510,Marina Barra Clube,Marina Barra Clube,-23.00364,-43.30628,S,RECG,BR,,21.0,3304557.0,,,0,,7,America/Sao_Paulo,2012-08-03,Marina Barra Clube,,,,,,,,,,,,,,,,,,,,,,,,,,,,,,,,,,,,,,,,,,,,,,,,,,,,,,,,,,,,,,,,,,
80885,7538511,Ilha Primeira,Ilha Primeira,-22.99938,-43.30895,T,ISL,BR,,21.0,,,,0,,7,America/Sao_Paulo,2012-01-21,Ilha Primeira,,,,,,,,,,,,,,,,,,,,,,,,,,,,,,,,,,,,,,,,,,,,,,,,,,,,,,,,,,,,,,,,,,
80978,7538604,Pedra do Anel,Pedra do Anel,-22.96134,-43.16013,T,RK,BR,,21.0,,,,0,,6,America/Sao_Paulo,2016-07-05,Pedra do Anel,,,,,,,,,,,,,,,,,,,,,,,,,,,,,,,,,,,,,,,,,,,,,,,,,,,,,,,,,,,,,,,,,,
81014,7538640,Vila Pinheiros,Vila Pinheiros,-22.86715,-43.23726,P,PPLX,BR,,21.0,3304557.0,,,0,,9,America/Sao_Paulo,2012-08-03,Vila Pinheiros,,,,,,,,,,,,,,,,,,,,,,,,,,,,,,,,,,,,,,,,,,,,,,,,,,,,,,,,,,,,,,,,,,
81015,7538641,Canal do Cunha,Canal do Cunha,-22.86689,-43.23275,H,CNL,BR,,21.0,,,,0,,5,America/Sao_Paulo,2012-01-21,Canal do Cunha,,,,,,,,,,,,,,,,,,,,,,,,,,,,,,,,,,,,,,,,,,,,,,,,,,,,,,,,,,,,,,,,,,
81019,7538645,Nova Holanda,Nova Holanda,-22.85384,-43.24241,P,PPLX,BR,,21.0,3304557.0,,,0,,7,America/Sao_Paulo,2012-08-03,Nova Holanda,,,,,,,,,,,,,,,,,,,,,,,,,,,,,,,,,,,,,,,,,,,,,,,,,,,,,,,,,,,,,,,,,,
81020,7538646,Parque da Maré,Parque da Mare,-22.85582,-43.24009,L,PRK,BR,,21.0,,,,0,,6,America/Sao_Paulo,2012-01-21,Parque da Mare,Parque da Maré,,,,,,,,,,,,,,,,,,,,,,,,,,,,,,,,,,,,,,,,,,,,,,,,,,,,,,,,,,,,,,,,,
81021,7538647,Rio Ramos,Rio Ramos,-22.85041,-43.24016,H,STM,BR,,21.0,,,,0,,1,America/Sao_Paulo,2012-01-21,Rio Ramos,,,,,,,,,,,,,,,,,,,,,,,,,,,,,,,,,,,,,,,,,,,,,,,,,,,,,,,,,,,,,,,,,,
81023,7538649,Universidade Federal do Rio de Janeiro,Universidade Federal do Rio de Janeiro,-22.84074,-43.23381,S,SCHC,BR,,21.0,3304557.0,,,0,,11,America/Sao_Paulo,2012-08-03,Universidade Federal do Rio de Janeiro,,,,,,,,,,,,,,,,,,,,,,,,,,,,,,,,,,,,,,,,,,,,,,,,,,,,,,,,,,,,,,,,,,
81024,7538650,Ponta do Baiacu,Ponta do Baiacu,-22.83597,-43.23072,T,PT,BR,,21.0,,,,0,,-9999,America/Sao_Paulo,2012-01-21,Ponta do Baiacu,,,,,,,,,,,,,,,,,,,,,,,,,,,,,,,,,,,,,,,,,,,,,,,,,,,,,,,,,,,,,,,,,,
81025,7538651,Praia da Amendoeira,Praia da Amendoeira,-22.83978,-43.22372,T,BCH,BR,,21.0,3304557.0,,,0,,-9999,America/Sao_Paulo,2016-06-22,Praia da Amendoeira,,,,,,,,,,,,,,,,,,,,,,,,,,,,,,,,,,,,,,,,,,,,,,,,,,,,,,,,,,,,,,,,,,
81026,7538652,Ilha do Catalão,Ilha do Catalao,-22.84557,-43.2233,T,ISL,BR,,21.0,,,,0,18.0,11,America/Sao_Paulo,2012-01-21,Ilha do Catalao,Ilha do Catalão,,,,,,,,,,,,,,,,,,,,,,,,,,,,,,,,,,,,,,,,,,,,,,,,,,,,,,,,,,,,,,,,,
81027,7538653,Ponta do Catalão,Ponta do Catalao,-22.84859,-43.22183,T,PT,BR,,21.0,,,,0,,-9999,America/Sao_Paulo,2012-01-21,Ponta do Catalao,Ponta do Catalão,,,,,,,,,,,,,,,,,,,,,,,,,,,,,,,,,,,,,,,,,,,,,,,,,,,,,,,,,,,,,,,,,
81028,7538654,Conjunto Viário Escritor Jarge Amado,Conjunto Viario Escritor Jarge Amado,-22.86442,-43.23486,L,LCTY,BR,,21.0,,,,0,,10,America/Sao_Paulo,2012-01-21,Conjunto Viario Escritor Jarge Amado,Conjunto Viário Escritor Jarge Amado,,,,,,,,,,,,,,,,,,,,,,,,,,,,,,,,,,,,,,,,,,,,,,,,,,,,,,,,,,,,,,,,,
81029,7538655,Parque Tecnológico do Rio,Parque Tecnologico do Rio,-22.86658,-43.21704,L,CTRB,BR,,21.0,,,,0,,5,America/Sao_Paulo,2012-01-21,Parque Tecnologico do Rio,Parque Tecnológico do Rio,,,,,,,,,,,,,,,,,,,,,,,,,,,,,,,,,,,,,,,,,,,,,,,,,,,,,,,,,,,,,,,,,
81030,7538656,Ponta de Santo Antônio,Ponta de Santo Antonio,-22.85897,-43.20977,T,PT,BR,,21.0,3304557.0,,,0,,22,America/Sao_Paulo,2019-02-22,Ponta de Santo Antonio,Ponta de Santo Antônio,,,,,,,,,,,,,,,,,,,,,,,,,,,,,,,,,,,,,,,,,,,,,,,,,,,,,,,,,,,,,,,,,
81031,7538657,Ilha do Bom Jesus,Ilha do Bom Jesus,-22.85906,-43.21355,T,ISL,BR,,21.0,,,,0,43.0,31,America/Sao_Paulo,2012-01-21,Ilha do Bom Jesus,,,,,,,,,,,,,,,,,,,,,,,,,,,,,,,,,,,,,,,,,,,,,,,,,,,,,,,,,,,,,,,,,,
81067,7538693,Marina da Glória,Marina da Gloria,-22.91937,-43.17094,S,MAR,BR,,21.0,,,,0,,-1,America/Sao_Paulo,2012-01-21,Marina da Gloria,Marina da Glória,,,,,,,,,,,,,,,,,,,,,,,,,,,,,,,,,,,,,,,,,,,,,,,,,,,,,,,,,,,,,,,,,
81074,7538701,Ponta do Galeão,Ponta do Galeao,-22.83314,-43.2385,T,PT,BR,,21.0,3304557.0,,,0,,1,America/Sao_Paulo,2012-08-03,Ponta do Galeao,Ponta do Galeão,,,,,,,,,,,,,,,,,,,,,,,,,,,,,,,,,,,,,,,,,,,,,,,,,,,,,,,,,,,,,,,,,
81075,7538702,Praia Belo Jardim,Praia Belo Jardim,-22.81803,-43.21853,T,BCH,BR,,21.0,3304557.0,,,0,,3,America/Sao_Paulo,2016-06-22,Praia Belo Jardim,,,,,,,,,,,,,,,,,,,,,,,,,,,,,,,,,,,,,,,,,,,,,,,,,,,,,,,,,,,,,,,,,,
81076,7538703,Morro do Engenho Velho,Morro do Engenho Velho,-22.81632,-43.21439,T,HLL,BR,,21.0,3304557.0,,,0,,32,America/Sao_Paulo,2012-08-03,Morro do Engenho Velho,,,,,,,,,,,,,,,,,,,,,,,,,,,,,,,,,,,,,,,,,,,,,,,,,,,,,,,,,,,,,,,,,,
81077,7538704,Parque Municipal Marcelo de Ipanema,Parque Municipal Marcelo de Ipanema,-22.81858,-43.20583,L,PRK,BR,,21.0,,,,0,,43,America/Sao_Paulo,2012-01-21,Parque Municipal Marcelo de Ipanema,,,,,,,,,,,,,,,,,,,,,,,,,,,,,,,,,,,,,,,,,,,,,,,,,,,,,,,,,,,,,,,,,,
81078,7538705,Ponta de Santa Cruz,Ponta de Santa Cruz,-22.81941,-43.2063,T,PT,BR,,21.0,,,,0,,1,America/Sao_Paulo,2012-01-21,Ponta de Santa Cruz,,,,,,,,,,,,,,,,,,,,,,,,,,,,,,,,,,,,,,,,,,,,,,,,,,,,,,,,,,,,,,,,,,
81079,7538706,Jardim Guanabara,Jardim Guanabara,-22.81559,-43.19976,P,PPL,BR,,21.0,3304557.0,,,0,,18,America/Sao_Paulo,2012-08-03,Jardim Guanabara,,,,,,,,,,,,,,,,,,,,,,,,,,,,,,,,,,,,,,,,,,,,,,,,,,,,,,,,,,,,,,,,,,
81080,7538707,Praia do Golfinho,Praia do Golfinho,-22.82911,-43.18612,T,BCH,BR,,21.0,3304557.0,,,0,,13,America/Sao_Paulo,2016-06-22,Praia do Golfinho,,,,,,,,,,,,,,,,,,,,,,,,,,,,,,,,,,,,,,,,,,,,,,,,,,,,,,,,,,,,,,,,,,
81081,7538708,Praia do Alentejo,Praia do Alentejo,-22.83014,-43.18025,T,BCH,BR,,21.0,3304557.0,,,0,,16,America/Sao_Paulo,2016-06-22,Praia do Alentejo,,,,,,,,,,,,,,,,,,,,,,,,,,,,,,,,,,,,,,,,,,,,,,,,,,,,,,,,,,,,,,,,,,
81082,7538709,Morro do Matoso,Morro do Matoso,-22.82647,-43.18503,T,HLL,BR,,21.0,3304557.0,,,0,21.0,69,America/Sao_Paulo,2012-08-03,Morro do Matoso,,,,,,,,,,,,,,,,,,,,,,,,,,,,,,,,,,,,,,,,,,,,,,,,,,,,,,,,,,,,,,,,,,
81083,7538710,Morro do Cabaceiro,Morro do Cabaceiro,-22.82739,-43.1712,T,HLL,BR,,21.0,3304557.0,,,0,,20,America/Sao_Paulo,2012-08-03,Morro do Cabaceiro,,,,,,,,,,,,,,,,,,,,,,,,,,,,,,,,,,,,,,,,,,,,,,,,,,,,,,,,,,,,,,,,,,
81084,7538711,Ilha Manoéis de Dentro,Ilha Manoeis de Dentro,-22.80771,-43.15333,T,ISL,BR,,21.0,,,,0,,-9999,America/Sao_Paulo,2012-01-21,Ilha Manoeis de Dentro,Ilha Manoéis de Dentro,,,,,,,,,,,,,,,,,,,,,,,,,,,,,,,,,,,,,,,,,,,,,,,,,,,,,,,,,,,,,,,,,
81085,7538712,Ilha do Manguinho,Ilha do Manguinho,-22.80545,-43.12053,T,ISL,BR,,21.0,,,,0,,-9999,America/Sao_Paulo,2012-01-21,Ilha do Manguinho,,,,,,,,,,,,,,,,,,,,,,,,,,,,,,,,,,,,,,,,,,,,,,,,,,,,,,,,,,,,,,,,,,
81086,7538713,Ilha Rasa,Ilha Rasa,-22.79986,-43.15777,T,ISL,BR,,21.0,,,,0,,-9999,America/Sao_Paulo,2012-01-21,Ilha Rasa,,,,,,,,,,,,,,,,,,,,,,,,,,,,,,,,,,,,,,,,,,,,,,,,,,,,,,,,,,,,,,,,,,
81087,7538714,Ilha Mestre Rodrigues,Ilha Mestre Rodrigues,-22.80014,-43.16902,T,ISL,BR,,21.0,,,,0,,-9999,America/Sao_Paulo,2012-01-21,Ilha Mestre Rodrigues,,,,,,,,,,,,,,,,,,,,,,,,,,,,,,,,,,,,,,,,,,,,,,,,,,,,,,,,,,,,,,,,,,
81088,7538715,Parque Almirante Sousa e Melo,Parque Almirante Sousa e Melo,-22.82005,-43.17548,L,PRK,BR,,21.0,,,,0,,6,America/Sao_Paulo,2012-01-21,Parque Almirante Sousa e Melo,,,,,,,,,,,,,,,,,,,,,,,,,,,,,,,,,,,,,,,,,,,,,,,,,,,,,,,,,,,,,,,,,,
81089,7538716,Ponta do Tiro,Ponta do Tiro,-22.81252,-43.17517,T,PT,BR,,21.0,3304557.0,,,0,,-9999,America/Sao_Paulo,2012-08-03,Ponta do Tiro,,,,,,,,,,,,,,,,,,,,,,,,,,,,,,,,,,,,,,,,,,,,,,,,,,,,,,,,,,,,,,,,,,
81090,7538717,Ponta da Ostra,Ponta da Ostra,-22.8057,-43.17748,T,PT,BR,,21.0,,,,0,,-9999,America/Sao_Paulo,2012-01-21,Ponta da Ostra,,,,,,,,,,,,,,,,,,,,,,,,,,,,,,,,,,,,,,,,,,,,,,,,,,,,,,,,,,,,,,,,,,
81091,7538718,Parque Manoel Bandeira,Parque Manoel Bandeira,-22.80476,-43.18018,L,PRK,BR,,21.0,,,,0,,6,America/Sao_Paulo,2012-01-21,Parque Manoel Bandeira,,,,,,,,,,,,,,,,,,,,,,,,,,,,,,,,,,,,,,,,,,,,,,,,,,,,,,,,,,,,,,,,,,
81092,7538719,Praia de Cocotá,Praia de Cocota,-22.80155,-43.17761,T,BCH,BR,,21.0,,,,0,,7,America/Sao_Paulo,2012-01-21,Praia de Cocota,Praia de Cocotá,,,,,,,,,,,,,,,,,,,,,,,,,,,,,,,,,,,,,,,,,,,,,,,,,,,,,,,,,,,,,,,,,
81093,7538720,Praia Congonhas do Campo,Praia Congonhas do Campo,-22.79957,-43.17462,T,BCH,BR,,21.0,3304557.0,,,0,,13,America/Sao_Paulo,2016-06-22,Praia Congonhas do Campo,,,,,,,,,,,,,,,,,,,,,,,,,,,,,,,,,,,,,,,,,,,,,,,,,,,,,,,,,,,,,,,,,,
81094,7538721,Ilha das Palmas,Ilha das Palmas,-22.79375,-43.15555,T,ISL,BR,,21.0,,,,0,,-9999,America/Sao_Paulo,2012-01-21,Ilha das Palmas,,,,,,,,,,,,,,,,,,,,,,,,,,,,,,,,,,,,,,,,,,,,,,,,,,,,,,,,,,,,,,,,,,
81095,7538722,Ilhota Aroeiras,Ilhota Aroeiras,-22.78959,-43.15157,T,ISL,BR,,21.0,3304557.0,,,0,,-9999,America/Sao_Paulo,2017-12-07,Ilhota Aroeiras,,,,,,,,,,,,,,,,,,,,,,,,,,,,,,,,,,,,,,,,,,,,,,,,,,,,,,,,,,,,,,,,,,
81096,7538723,Morro do Bananal,Morro do Bananal,-22.78608,-43.15793,T,HLL,BR,,21.0,3304557.0,,,0,39.0,39,America/Sao_Paulo,2017-12-07,Morro do Bananal,,,,,,,,,,,,,,,,,,,,,,,,,,,,,,,,,,,,,,,,,,,,,,,,,,,,,,,,,,,,,,,,,,
81097,7538724,Praia da Moça,Praia da Moca,-22.78095,-43.15723,T,BCH,BR,,21.0,3304557.0,,,0,,6,America/Sao_Paulo,2016-06-22,Praia da Moca,Praia da Moça,,,,,,,,,,,,,,,,,,,,,,,,,,,,,,,,,,,,,,,,,,,,,,,,,,,,,,,,,,,,,,,,,
81098,7538725,Morro do Quilombo,Morro do Quilombo,-22.7842,-43.16184,T,HLL,BR,,21.0,3304557.0,,,0,39.0,31,America/Sao_Paulo,2012-08-03,Morro do Quilombo,,,,,,,,,,,,,,,,,,,,,,,,,,,,,,,,,,,,,,,,,,,,,,,,,,,,,,,,,,,,,,,,,,
81099,7538726,Morro do Matias,Morro do Matias,-22.77749,-43.17451,T,HLL,BR,,21.0,3304557.0,,,0,13.0,33,America/Sao_Paulo,2012-08-03,Morro do Matias,,,,,,,,,,,,,,,,,,,,,,,,,,,,,,,,,,,,,,,,,,,,,,,,,,,,,,,,,,,,,,,,,,
81100,7538727,Pichunas,Pichunas,-22.78724,-43.17416,P,PPLX,BR,,21.0,3304557.0,,,0,,31,America/Sao_Paulo,2012-08-03,Pichunas,,,,,,,,,,,,,,,,,,,,,,,,,,,,,,,,,,,,,,,,,,,,,,,,,,,,,,,,,,,,,,,,,,
81101,7538728,Morro das Araras,Morro das Araras,-22.78684,-43.1773,T,HLL,BR,,21.0,3304557.0,,,0,12.0,40,America/Sao_Paulo,2012-08-03,Morro das Araras,,,,,,,,,,,,,,,,,,,,,,,,,,,,,,,,,,,,,,,,,,,,,,,,,,,,,,,,,,,,,,,,,,
81102,7538729,Morro dos Bancários,Morro dos Bancarios,-22.78946,-43.18572,T,HLL,BR,,21.0,3304557.0,,,0,13.0,43,America/Sao_Paulo,2012-08-03,Morro dos Bancarios,Morro dos Bancários,,,,,,,,,,,,,,,,,,,,,,,,,,,,,,,,,,,,,,,,,,,,,,,,,,,,,,,,,,,,,,,,,
81103,7538730,Bancários,Bancarios,-22.79146,-43.17997,P,PPL,BR,,21.0,3304557.0,,,0,,19,America/Sao_Paulo,2012-08-03,Bancarios,Bancários,,,,,,,,,,,,,,,,,,,,,,,,,,,,,,,,,,,,,,,,,,,,,,,,,,,,,,,,,,,,,,,,,
81104,7538731,Estaleiro Itajaí South America,Estaleiro Itajai South America,-22.78586,-43.18879,S,DCKY,BR,,21.0,3304557.0,,,0,,7,America/Sao_Paulo,2012-08-03,Estaleiro Itajai South America,Estaleiro Itajaí South America,,,,,,,,,,,,,,,,,,,,,,,,,,,,,,,,,,,,,,,,,,,,,,,,,,,,,,,,,,,,,,,,,
81105,7538732,Morro da Olaria,Morro da Olaria,-22.79146,-43.18796,T,HLL,BR,,21.0,3304557.0,,,0,13.0,18,America/Sao_Paulo,2012-08-03,Morro da Olaria,,,,,,,,,,,,,,,,,,,,,,,,,,,,,,,,,,,,,,,,,,,,,,,,,,,,,,,,,,,,,,,,,,
81106,7538733,Tauá,Taua,-22.79435,-43.18633,P,PPL,BR,,21.0,3304557.0,,,0,,5,America/Sao_Paulo,2012-08-03,Taua,Tauá,,,,,,,,,,,,,,,,,,,,,,,,,,,,,,,,,,,,,,,,,,,,,,,,,,,,,,,,,,,,,,,,,
81107,7538734,Morro do Barão,Morro do Barao,-22.79776,-43.17633,T,HLL,BR,,21.0,3304557.0,,,0,19.0,58,America/Sao_Paulo,2012-08-03,Morro do Barao,Morro do Barão,,,,,,,,,,,,,,,,,,,,,,,,,,,,,,,,,,,,,,,,,,,,,,,,,,,,,,,,,,,,,,,,,
81108,7538735,Morro do Dendê,Morro do Dende,-22.80155,-43.19037,T,HLL,BR,,21.0,3304557.0,,,0,30.0,82,America/Sao_Paulo,2012-08-03,Morro do Dende,Morro do Dendê,,,,,,,,,,,,,,,,,,,,,,,,,,,,,,,,,,,,,,,,,,,,,,,,,,,,,,,,,,,,,,,,,
81109,7538736,Jardim Carioca,Jardim Carioca,-22.80292,-43.19249,P,PPL,BR,,21.0,3304557.0,,,0,,72,America/Sao_Paulo,2012-08-03,Jardim Carioca,,,,,,,,,,,,,,,,,,,,,,,,,,,,,,,,,,,,,,,,,,,,,,,,,,,,,,,,,,,,,,,,,,
81110,7538737,Morro Fundo da Grota,Morro Fundo da Grota,-22.80528,-43.19352,T,HLL,BR,,21.0,3304557.0,,,0,24.0,69,America/Sao_Paulo,2012-08-03,Morro Fundo da Grota,,,,,,,,,,,,,,,,,,,,,,,,,,,,,,,,,,,,,,,,,,,,,,,,,,,,,,,,,,,,,,,,,,
81111,7538738,Guarabu,Guarabu,-22.80715,-43.19396,P,PPLX,BR,,21.0,3304557.0,,,0,,33,America/Sao_Paulo,2012-08-03,Guarabu,,,,,,,,,,,,,,,,,,,,,,,,,,,,,,,,,,,,,,,,,,,,,,,,,,,,,,,,,,,,,,,,,,
81112,7538739,Cacuia,Cacuia,-22.80966,-43.19088,P,PPL,BR,,21.0,3304557.0,,,0,,36,America/Sao_Paulo,2012-08-03,Cacuia,,,,,,,,,,,,,,,,,,,,,,,,,,,,,,,,,,,,,,,,,,,,,,,,,,,,,,,,,,,,,,,,,,
81113,7538740,Cemitério da Cacuia,Cemiterio da Cacuia,-22.81171,-43.18735,S,CMTY,BR,,21.0,3304557.0,,,0,,22,America/Sao_Paulo,2012-08-03,Cemiterio da Cacuia,Cemitério da Cacuia,,,,,,,,,,,,,,,,,,,,,,,,,,,,,,,,,,,,,,,,,,,,,,,,,,,,,,,,,,,,,,,,,
81114,7538741,Morro da Tapera,Morro da Tapera,-22.81223,-43.17902,T,HLL,BR,,21.0,3304557.0,,,0,56.0,53,America/Sao_Paulo,2012-08-03,Morro da Tapera,,,,,,,,,,,,,,,,,,,,,,,,,,,,,,,,,,,,,,,,,,,,,,,,,,,,,,,,,,,,,,,,,,
81115,7538742,Morro Nossa Senhora das Graças,Morro Nossa Senhora das Gracas,-22.81442,-43.18168,T,HLL,BR,,21.0,3304557.0,,,0,70.0,65,America/Sao_Paulo,2012-08-03,Morro Nossa Senhora das Gracas,Morro Nossa Senhora das Graças,,,,,,,,,,,,,,,,,,,,,,,,,,,,,,,,,,,,,,,,,,,,,,,,,,,,,,,,,,,,,,,,,
81116,7538743,Morro do Zumbi,Morro do Zumbi,-22.81853,-43.18032,T,HLL,BR,,21.0,3304557.0,,,0,17.0,51,America/Sao_Paulo,2012-08-03,Morro do Zumbi,,,,,,,,,,,,,,,,,,,,,,,,,,,,,,,,,,,,,,,,,,,,,,,,,,,,,,,,,,,,,,,,,,
81117,7538744,Rio Jequiá,Rio Jequia,-22.82058,-43.17991,H,STM,BR,,21.0,,,,0,,5,America/Sao_Paulo,2021-08-13,Jequia River,Jequiá River,Rio Jequia,Rio Jequiá,,,,,,,,,,,,,,,,,,,,,,,,,,,,,,,,,,,,,,,,,,,,,,,,,,,,,,,,,,,,,,,
81118,7538745,Morro da Bica,Morro da Bica,-22.81442,-43.19365,T,HLL,BR,,21.0,3304557.0,,,0,18.0,60,America/Sao_Paulo,2012-08-03,Morro da Bica,,,,,,,,,,,,,,,,,,,,,,,,,,,,,,,,,,,,,,,,,,,,,,,,,,,,,,,,,,,,,,,,,,
81119,7538746,Morro Mãe d’Água,Morro Mae d'Agua,-22.81188,-43.20414,T,HLL,BR,,21.0,3304557.0,,,0,22.0,75,America/Sao_Paulo,2012-08-03,Morro Mae d'Agua,Morro Mãe d’Água,,,,,,,,,,,,,,,,,,,,,,,,,,,,,,,,,,,,,,,,,,,,,,,,,,,,,,,,,,,,,,,,,
81120,7538747,Ilha Plaza Shopping,Ilha Plaza Shopping,-22.80324,-43.20151,S,MKT,BR,,21.0,3304557.0,,,0,,27,America/Sao_Paulo,2012-08-03,Ilha Plaza Shopping,,,,,,,,,,,,,,,,,,,,,,,,,,,,,,,,,,,,,,,,,,,,,,,,,,,,,,,,,,,,,,,,,,
81121,7538748,Moneró,Monero,-22.79707,-43.19933,P,PPL,BR,,21.0,3304557.0,,,0,,16,America/Sao_Paulo,2012-08-03,Monero,Moneró,,,,,,,,,,,,,,,,,,,,,,,,,,,,,,,,,,,,,,,,,,,,,,,,,,,,,,,,,,,,,,,,,
81122,7538749,Portuguesa,Portuguesa,-22.79891,-43.20807,P,PPL,BR,,21.0,3304557.0,,,0,,11,America/Sao_Paulo,2012-08-03,Portuguesa,,,,,,,,,,,,,,,,,,,,,,,,,,,,,,,,,,,,,,,,,,,,,,,,,,,,,,,,,,,,,,,,,,
81123,7538750,Associação Atlética Portuguesa,Associacao Atletica Portuguesa,-22.80135,-43.20854,S,RSRT,BR,,21.0,3304557.0,,,0,,14,America/Sao_Paulo,2012-08-03,Associacao Atletica Portuguesa,Associação Atlética Portuguesa,,,,,,,,,,,,,,,,,,,,,,,,,,,,,,,,,,,,,,,,,,,,,,,,,,,,,,,,,,,,,,,,,
81124,7538751,Morro do Limão,Morro do Limao,-22.80599,-43.21618,T,HLL,BR,,21.0,3304557.0,,,0,20.0,55,America/Sao_Paulo,2012-08-03,Morro do Limao,Morro do Limão,,,,,,,,,,,,,,,,,,,,,,,,,,,,,,,,,,,,,,,,,,,,,,,,,,,,,,,,,,,,,,,,,
81125,7538752,Parque Royal,Parque Royal,-22.79296,-43.21013,P,PPLX,BR,,21.0,3304557.0,,,0,,7,America/Sao_Paulo,2012-08-03,Parque Royal,,,,,,,,,,,,,,,,,,,,,,,,,,,,,,,,,,,,,,,,,,,,,,,,,,,,,,,,,,,,,,,,,,
81126,7538753,Vila Joaniza,Vila Joaniza,-22.81415,-43.23071,P,PPLX,BR,,21.0,3304557.0,,,0,,37,America/Sao_Paulo,2012-08-03,Vila Joaniza,,,,,,,,,,,,,,,,,,,,,,,,,,,,,,,,,,,,,,,,,,,,,,,,,,,,,,,,,,,,,,,,,,
81127,7538754,Morro de São Bento,Morro de Sao Bento,-22.8153,-43.23047,T,HLL,BR,,21.0,3304557.0,,,0,14.0,41,America/Sao_Paulo,2012-08-03,Morro de Sao Bento,Morro de São Bento,,,,,,,,,,,,,,,,,,,,,,,,,,,,,,,,,,,,,,,,,,,,,,,,,,,,,,,,,,,,,,,,,
81128,7538755,Ilha Jurubaíba,Ilha Jurubaiba,-22.80151,-43.11021,T,ISL,BR,,21.0,,,,0,,0,America/Sao_Paulo,2012-01-21,Ilha Jurubaiba,Ilha Jurubaíba,,,,,,,,,,,,,,,,,,,,,,,,,,,,,,,,,,,,,,,,,,,,,,,,,,,,,,,,,,,,,,,,,
81129,7538756,Ilha do Braço Forte,Ilha do Braco Forte,-22.79666,-43.1126,T,ISL,BR,,21.0,,,,0,,0,America/Sao_Paulo,2012-01-21,Ilha do Braco Forte,Ilha do Braço Forte,,,,,,,,,,,,,,,,,,,,,,,,,,,,,,,,,,,,,,,,,,,,,,,,,,,,,,,,,,,,,,,,,
81130,7538757,Tapuamas de Fora,Tapuamas de Fora,-22.7905,-43.10528,T,ISL,BR,,21.0,,,,0,,-9999,America/Sao_Paulo,2012-01-21,Tapuamas de Fora,,,,,,,,,,,,,,,,,,,,,,,,,,,,,,,,,,,,,,,,,,,,,,,,,,,,,,,,,,,,,,,,,,
81131,7538758,Tapuamas de Dentro,Tapuamas de Dentro,-22.78912,-43.10056,T,ISL,BR,,21.0,,,,0,,-9999,America/Sao_Paulo,2012-01-21,Tapuamas de Dentro,,,,,,,,,,,,,,,,,,,,,,,,,,,,,,,,,,,,,,,,,,,,,,,,,,,,,,,,,,,,,,,,,,
81132,7538759,Ilha das Folhas,Ilha das Folhas,-22.76914,-43.11683,T,ISL,BR,,21.0,3304557.0,,,0,,-9999,America/Sao_Paulo,2017-12-07,Ilha das Folhas,,,,,,,,,,,,,,,,,,,,,,,,,,,,,,,,,,,,,,,,,,,,,,,,,,,,,,,,,,,,,,,,,,
81133,7538760,Praia dos Frades,Praia dos Frades,-22.76955,-43.11079,T,BCH,BR,,21.0,3304557.0,,,0,,0,America/Sao_Paulo,2016-06-22,Praia dos Frades,,,,,,,,,,,,,,,,,,,,,,,,,,,,,,,,,,,,,,,,,,,,,,,,,,,,,,,,,,,,,,,,,,
81134,7538761,Praia da Imbuca,Praia da Imbuca,-22.76852,-43.10681,T,BCH,BR,,21.0,,,,0,,0,America/Sao_Paulo,2012-01-21,Praia da Imbuca,,,,,,,,,,,,,,,,,,,,,,,,,,,,,,,,,,,,,,,,,,,,,,,,,,,,,,,,,,,,,,,,,,
81135,7538762,Morro do Vigário,Morro do Vigario,-22.76777,-43.10778,T,HLL,BR,,21.0,3304557.0,,,0,65.0,0,America/Sao_Paulo,2012-08-03,Morro do Vigario,Morro do Vigário,,,,,,,,,,,,,,,,,,,,,,,,,,,,,,,,,,,,,,,,,,,,,,,,,,,,,,,,,,,,,,,,,
81136,7538763,Morro das Paineiras,Morro das Paineiras,-22.76439,-43.1036,T,HLL,BR,,21.0,3304557.0,,,0,36.0,0,America/Sao_Paulo,2012-08-03,Morro das Paineiras,,,,,,,,,,,,,,,,,,,,,,,,,,,,,,,,,,,,,,,,,,,,,,,,,,,,,,,,,,,,,,,,,,
81137,7538764,Praia Grossa,Praia Grossa,-22.76334,-43.10657,T,BCH,BR,,21.0,,,,0,,0,America/Sao_Paulo,2012-01-21,Praia Grossa,,,,,,,,,,,,,,,,,,,,,,,,,,,,,,,,,,,,,,,,,,,,,,,,,,,,,,,,,,,,,,,,,,
81138,7538765,Praia dos Tamolos,Praia dos Tamolos,-22.75771,-43.10831,T,BCH,BR,,21.0,,,,0,,0,America/Sao_Paulo,2012-01-21,Praia dos Tamolos,,,,,,,,,,,,,,,,,,,,,,,,,,,,,,,,,,,,,,,,,,,,,,,,,,,,,,,,,,,,,,,,,,
81139,7538766,Morro Costallat,Morro Costallat,-22.7561,-43.10871,T,HLL,BR,,21.0,3304557.0,,,0,14.0,0,America/Sao_Paulo,2012-08-03,Morro Costallat,,,,,,,,,,,,,,,,,,,,,,,,,,,,,,,,,,,,,,,,,,,,,,,,,,,,,,,,,,,,,,,,,,
81140,7538767,Praia do Buraco,Praia do Buraco,-22.75335,-43.10388,T,BCH,BR,,21.0,3304557.0,,,0,,0,America/Sao_Paulo,2016-06-22,Praia do Buraco,,,,,,,,,,,,,,,,,,,,,,,,,,,,,,,,,,,,,,,,,,,,,,,,,,,,,,,,,,,,,,,,,,
81141,7538768,Morro do Castelo,Morro do Castelo,-22.75246,-43.10334,T,HLL,BR,,21.0,3304557.0,,,0,33.0,0,America/Sao_Paulo,2012-08-03,Morro do Castelo,,,,,,,,,,,,,,,,,,,,,,,,,,,,,,,,,,,,,,,,,,,,,,,,,,,,,,,,,,,,,,,,,,
81142,7538769,Praia do Catimbau,Praia do Catimbau,-22.75067,-43.10464,T,BCH,BR,,21.0,3304557.0,,,0,,0,America/Sao_Paulo,2016-06-22,Praia do Catimbau,,,,,,,,,,,,,,,,,,,,,,,,,,,,,,,,,,,,,,,,,,,,,,,,,,,,,,,,,,,,,,,,,,
81143,7538770,Praia São Roque,Praia Sao Roque,-22.7525,-43.10986,T,BCH,BR,,21.0,3304557.0,,,0,,0,America/Sao_Paulo,2016-06-22,Praia Sao Roque,Praia São Roque,,,,,,,,,,,,,,,,,,,,,,,,,,,,,,,,,,,,,,,,,,,,,,,,,,,,,,,,,,,,,,,,,
81144,7538771,Pedra da Moreninha,Pedra da Moreninha,-22.75455,-43.11127,T,HLL,BR,,21.0,3304557.0,,,0,7.0,0,America/Sao_Paulo,2012-08-03,Pedra da Moreninha,,,,,,,,,,,,,,,,,,,,,,,,,,,,,,,,,,,,,,,,,,,,,,,,,,,,,,,,,,,,,,,,,,
81145,7538772,Praia da Moreninha,Praia da Moreninha,-22.75773,-43.11042,T,BCH,BR,,21.0,,,,0,,0,America/Sao_Paulo,2012-01-21,Praia da Moreninha,,,,,,,,,,,,,,,,,,,,,,,,,,,,,,,,,,,,,,,,,,,,,,,,,,,,,,,,,,,,,,,,,,
81146,7538773,Praia José Bonifácio,Praia Jose Bonifacio,-22.76272,-43.11046,T,BCH,BR,,21.0,,,,0,,1,America/Sao_Paulo,2012-01-21,Praia Jose Bonifacio,Praia José Bonifácio,,,,,,,,,,,,,,,,,,,,,,,,,,,,,,,,,,,,,,,,,,,,,,,,,,,,,,,,,,,,,,,,,
81147,7538774,Parque Darke de Matos,Parque Darke de Matos,-22.76802,-43.11335,L,PRK,BR,,21.0,,,,0,,0,America/Sao_Paulo,2012-01-21,Parque Darke de Matos,,,,,,,,,,,,,,,,,,,,,,,,,,,,,,,,,,,,,,,,,,,,,,,,,,,,,,,,,,,,,,,,,,
81174,7538801,Praia de Ramos,Praia de Ramos,-22.83824,-43.25057,T,BCH,BR,,21.0,3304557.0,,,0,,1,America/Sao_Paulo,2016-06-22,Praia de Ramos,,,,,,,,,,,,,,,,,,,,,,,,,,,,,,,,,,,,,,,,,,,,,,,,,,,,,,,,,,,,,,,,,,
81192,7538819,Ponta São Teodósio,Ponta Sao Teodosio,-22.93864,-43.15327,T,PT,BR,,21.0,,,,0,,-9999,America/Sao_Paulo,2012-01-21,Ponta Sao Teodosio,Ponta São Teodósio,,,,,,,,,,,,,,,,,,,,,,,,,,,,,,,,,,,,,,,,,,,,,,,,,,,,,,,,,,,,,,,,,
81194,7538821,Iate Clube,Iate Clube,-22.94958,-43.17533,S,RSRT,BR,,21.0,,,,0,,33,America/Sao_Paulo,2012-01-21,Iate Clube,,,,,,,,,,,,,,,,,,,,,,,,,,,,,,,,,,,,,,,,,,,,,,,,,,,,,,,,,,,,,,,,,,
81214,7538841,Enseada da Glória,Enseada da Gloria,-22.9175,-43.16654,H,COVE,BR,,21.0,,,,0,,-9999,America/Sao_Paulo,2012-01-21,Enseada da Gloria,Enseada da Glória,,,,,,,,,,,,,,,,,,,,,,,,,,,,,,,,,,,,,,,,,,,,,,,,,,,,,,,,,,,,,,,,,
81222,7538849,Estação de Tratamento da Alegria,Estacao de Tratamento da Alegria,-22.87009,-43.2305,S,WTRW,BR,,21.0,3304557.0,,,0,,6,America/Sao_Paulo,2012-08-03,Estacao de Tratamento da Alegria,Estação de Tratamento da Alegria,,,,,,,,,,,,,,,,,,,,,,,,,,,,,,,,,,,,,,,,,,,,,,,,,,,,,,,,,,,,,,,,,
81240,7538867,Ponta de Gragoatá,Ponta de Gragoata,-22.90315,-43.13727,T,PT,BR,,21.0,,,,0,,1,America/Sao_Paulo,2017-12-22,Gravata Point,Ponta de Gragoata,Ponta de Gragoatá,,,,,,,,,,,,,,,,,,,,,,,,,,,,,,,,,,,,,,,,,,,,,,,,,,,,,,,,,,,,,,,,
81241,7538868,Morro do Ouro,Morro do Ouro,-22.82242,-43.17304,T,HLL,BR,,21.0,3304557.0,,,0,11.0,27,America/Sao_Paulo,2012-08-03,Morro do Ouro,,,,,,,,,,,,,,,,,,,,,,,,,,,,,,,,,,,,,,,,,,,,,,,,,,,,,,,,,,,,,,,,,,
81598,7548966,Ponta da Cruz,Ponta da Cruz,-22.9929,-44.0831,T,PT,BR,,21.0,3302601.0,,,0,,28,America/Sao_Paulo,2012-08-03,Ponta da Cruz,,,,,,,,,,,,,,,,,,,,,,,,,,,,,,,,,,,,,,,,,,,,,,,,,,,,,,,,,,,,,,,,,,
81602,7548970,Praia do Sito Bom,Praia do Sito Bom,-22.9723,-44.0754,T,BCH,BR,,21.0,,,,0,,1,America/Sao_Paulo,2012-01-21,Praia do Sito Bom,,,,,,,,,,,,,,,,,,,,,,,,,,,,,,,,,,,,,,,,,,,,,,,,,,,,,,,,,,,,,,,,,,
81603,7548971,Ponta da Itaóca,Ponta da Itaoca,-22.9687,-44.0759,T,PT,BR,,21.0,,,,0,,1,America/Sao_Paulo,2012-01-21,Ponta da Itaoca,Ponta da Itaóca,,,,,,,,,,,,,,,,,,,,,,,,,,,,,,,,,,,,,,,,,,,,,,,,,,,,,,,,,,,,,,,,,
81605,7548973,Ponta dos Pinheiros,Ponta dos Pinheiros,-22.9604,-44.0799,T,PT,BR,,21.0,,,,0,,1,America/Sao_Paulo,2012-01-21,Ponta dos Pinheiros,,,,,,,,,,,,,,,,,,,,,,,,,,,,,,,,,,,,,,,,,,,,,,,,,,,,,,,,,,,,,,,,,,
81610,7548978,Rio Santo Antônio,Rio Santo Antonio,-22.9594,-44.0829,H,STM,BR,,21.0,,,,0,,6,America/Sao_Paulo,2012-01-21,Rio Santo Antonio,Rio Santo Antônio,,,,,,,,,,,,,,,,,,,,,,,,,,,,,,,,,,,,,,,,,,,,,,,,,,,,,,,,,,,,,,,,,
81612,7548980,Rio São Brás,Rio Sao Bras,-22.9593,-44.0813,H,STM,BR,,21.0,,,,0,,7,America/Sao_Paulo,2012-01-21,Rio Sao Bras,Rio São Brás,,,,,,,,,,,,,,,,,,,,,,,,,,,,,,,,,,,,,,,,,,,,,,,,,,,,,,,,,,,,,,,,,
81674,7549042,Rio do Saco,Rio do Saco,-22.9409,-44.0479,H,STM,BR,,21.0,,,,0,,4,America/Sao_Paulo,2021-08-12,Do Saco River,Rio do Saco,,,,,,,,,,,,,,,,,,,,,,,,,,,,,,,,,,,,,,,,,,,,,,,,,,,,,,,,,,,,,,,,,
81675,7549043,Rio Saí,Rio Sai,-22.9405,-44.0022,H,STM,BR,,21.0,,,,0,,5,America/Sao_Paulo,2012-01-21,Rio Sai,Rio Saí,,,,,,,,,,,,,,,,,,,,,,,,,,,,,,,,,,,,,,,,,,,,,,,,,,,,,,,,,,,,,,,,,
81676,7549044,Ilha do Saí,Ilha do Sai,-22.9469,-44.008,T,ISL,BR,,21.0,,,,0,,-9999,America/Sao_Paulo,2012-01-21,Ilha do Sai,Ilha do Saí,,,,,,,,,,,,,,,,,,,,,,,,,,,,,,,,,,,,,,,,,,,,,,,,,,,,,,,,,,,,,,,,,
81678,7549046,Ponta do Pimentel,Ponta do Pimentel,-22.9614,-44.0211,T,PT,BR,,21.0,3302601.0,,,0,,-9999,America/Sao_Paulo,2012-08-03,Ponta do Pimentel,,,,,,,,,,,,,,,,,,,,,,,,,,,,,,,,,,,,,,,,,,,,,,,,,,,,,,,,,,,,,,,,,,
81683,7549051,Ilha Guaibinha,Ilha Guaibinha,-22.9882,-44.0421,T,ISL,BR,,21.0,,,,0,,97,America/Sao_Paulo,2012-01-21,Ilha Guaibinha,,,,,,,,,,,,,,,,,,,,,,,,,,,,,,,,,,,,,,,,,,,,,,,,,,,,,,,,,,,,,,,,,,
82798,7568644,Ponta do Molhe,Ponta do Molhe,-26.453,-48.593,T,PT,BR,,26.0,,,,0,,-9999,America/Sao_Paulo,2012-01-21,Ponta do Molhe,,,,,,,,,,,,,,,,,,,,,,,,,,,,,,,,,,,,,,,,,,,,,,,,,,,,,,,,,,,,,,,,,,
82867,7568713,Ilha do Norte,Ilha do Norte,-26.36882,-48.52253,T,ISL,BR,,26.0,4216206.0,,,0,,18,America/Sao_Paulo,2016-06-13,Ilha do Norte,,,,,,,,,,,,,,,,,,,,,,,,,,,,,,,,,,,,,,,,,,,,,,,,,,,,,,,,,,,,,,,,,,
82868,7568714,Ilha do Porto,Ilha do Porto,-26.37192,-48.52198,T,ISL,BR,,26.0,4216206.0,,,0,,28,America/Sao_Paulo,2016-06-13,Ilha do Porto,,,,,,,,,,,,,,,,,,,,,,,,,,,,,,,,,,,,,,,,,,,,,,,,,,,,,,,,,,,,,,,,,,
82869,7568715,Ilha do Meio,Ilha do Meio,-26.37577,-48.52204,T,ISL,BR,,26.0,4216206.0,,,0,,-9999,America/Sao_Paulo,2016-06-13,Ilha do Meio,,,,,,,,,,,,,,,,,,,,,,,,,,,,,,,,,,,,,,,,,,,,,,,,,,,,,,,,,,,,,,,,,,
82870,7568716,Ilha Rema,Ilha Rema,-26.38185,-48.52406,T,ISL,BR,,26.0,4216206.0,,,0,,33,America/Sao_Paulo,2016-06-13,Ilha Rema,,,,,,,,,,,,,,,,,,,,,,,,,,,,,,,,,,,,,,,,,,,,,,,,,,,,,,,,,,,,,,,,,,
82871,7568717,Ilha do Sul,Ilha do Sul,-26.38626,-48.52498,T,ISL,BR,,26.0,4216206.0,,,0,,15,America/Sao_Paulo,2016-06-13,Ilha do Sul,,,,,,,,,,,,,,,,,,,,,,,,,,,,,,,,,,,,,,,,,,,,,,,,,,,,,,,,,,,,,,,,,,
82874,7568720,Ilha das Araras,Ilha das Araras,-26.4588,-48.5661,T,ISL,BR,,26.0,,,,0,,-9999,America/Sao_Paulo,2012-01-21,Ilha das Araras,,,,,,,,,,,,,,,,,,,,,,,,,,,,,,,,,,,,,,,,,,,,,,,,,,,,,,,,,,,,,,,,,,
82918,7570942,Rio Itajubá,Rio Itajuba,-26.6908,-48.6844,H,STM,BR,,26.0,,,,0,,2,America/Sao_Paulo,2012-01-21,Rio Itajuba,Rio Itajubá,,,,,,,,,,,,,,,,,,,,,,,,,,,,,,,,,,,,,,,,,,,,,,,,,,,,,,,,,,,,,,,,,
82941,7570965,Recife de Coral Laje do Jacques,Recife de Coral Laje do Jacques,-26.7259,-48.6736,H,RFC,BR,,26.0,,,,0,,-9999,America/Sao_Paulo,2012-01-21,Recife de Coral Laje do Jacques,,,,,,,,,,,,,,,,,,,,,,,,,,,,,,,,,,,,,,,,,,,,,,,,,,,,,,,,,,,,,,,,,,
82947,7570971,Ilha Canavieiras,Ilha Canavieiras,-26.6936,-48.6753,T,ISL,BR,,26.0,,,,0,,-9999,America/Sao_Paulo,2012-01-21,Ilha Canavieiras,,,,,,,,,,,,,,,,,,,,,,,,,,,,,,,,,,,,,,,,,,,,,,,,,,,,,,,,,,,,,,,,,,
82948,7570972,Praia Pedra Branca,Praia Pedra Branca,-26.6809,-48.6869,T,BCH,BR,,26.0,,,,0,,-9999,America/Sao_Paulo,2012-01-21,Praia Pedra Branca,,,,,,,,,,,,,,,,,,,,,,,,,,,,,,,,,,,,,,,,,,,,,,,,,,,,,,,,,,,,,,,,,,
83489,7576360,Tambaba,Tambaba,-7.36583,-34.79722,T,BCH,BR,,17.0,,,,0,,5,America/Fortaleza,2010-10-20,Praia de Tambaba,Tambaba,,,,,,,,,,,,,,,,,,,,,,,,,,,,,,,,,,,,,,,,,,,,,,,,,,,,,,,,,,,,,,,,,
83496,7577152,Ilha Nova,Ilha Nova,-23.02645,-43.60209,T,ISL,BR,,21.0,,,,0,,5,America/Sao_Paulo,2012-01-21,Ilha Nova,,,,,,,,,,,,,,,,,,,,,,,,,,,,,,,,,,,,,,,,,,,,,,,,,,,,,,,,,,,,,,,,,,
85990,7600592,Lagoa Mirim,Lagoa Mirim,-32.2042,-52.691,H,LGN,BR,,23.0,,,,0,,0,America/Sao_Paulo,2012-01-21,Lagoa Mirim,,,,,,,,,,,,,,,,,,,,,,,,,,,,,,,,,,,,,,,,,,,,,,,,,,,,,,,,,,,,,,,,,,
88358,7622479,Rio da Cerca,Rio da Cerca,-25.42589,-48.19629,H,STM,BR,,18.0,,,,0,,-9999,America/Sao_Paulo,2012-01-21,Rio da Cerca,,,,,,,,,,,,,,,,,,,,,,,,,,,,,,,,,,,,,,,,,,,,,,,,,,,,,,,,,,,,,,,,,,
88365,7622486,Baixio Bóia do Cigano,Baixio Boia do Cigano,-25.47436,-48.23507,H,BNK,BR,,18.0,,,,0,,-9999,America/Sao_Paulo,2012-01-21,Baixio Boia do Cigano,Baixio Bóia do Cigano,,,,,,,,,,,,,,,,,,,,,,,,,,,,,,,,,,,,,,,,,,,,,,,,,,,,,,,,,,,,,,,,,
